{
  "parent": "item/generated",
  "textures": {
    "layer0": "item/disc_fragment_5"
  },
  "overrides": [
    {
      "predicate": {
        "custom_model_data": 1
      },
      "model": "item/fragment_cometobservatorytwosupermariogalaxyone"
    },
    {
      "predicate": {
        "custom_model_data": 2
      },
      "model": "item/fragment_familysupermariogalaxyone"
    },
    {
      "predicate": {
        "custom_model_data": 3
      },
      "model": "item/fragment_poolroomswebinarone"
    },
    {
      "predicate": {
        "custom_model_data": 4
      },
      "model": "item/fragment_backroomszeroone"
    },
    {
      "predicate": {
        "custom_model_data": 1
      },
      "model": "item/fragment_arenapvpone"
    },
    {
      "predicate": {
        "custom_model_data": 2
      },
      "model": "item/fragment_sewersone"
    },
    {
      "predicate": {
        "custom_model_data": 3
      },
      "model": "item/fragment_starwalkertwo"
    },
    {
      "predicate": {
        "custom_model_data": 4
      },
      "model": "item/fragment_starwalkerparkourone"
    },
    {
      "predicate": {
        "custom_model_data": 5
      },
      "model": "item/fragment_thethreeone"
    },
    {
      "predicate": {
        "custom_model_data": 1
      },
      "model": "item/fragment_dumpone"
    },
    {
      "predicate": {
        "custom_model_data": 1
      },
      "model": "item/fragment_youwinone"
    },
    {
      "predicate": {
        "custom_model_data": 2
      },
      "model": "item/fragment_tradesone"
    },
    {
      "predicate": {
        "custom_model_data": 3
      },
      "model": "item/fragment_discoone"
    },
    {
      "predicate": {
        "custom_model_data": 4
      },
      "model": "item/fragment_dindonnone"
    },
    {
      "predicate": {
        "custom_model_data": 5
      },
      "model": "item/fragment_circoone"
    },
    {
      "predicate": {
        "custom_model_data": 6
      },
      "model": "item/fragment_adabanaone"
    },
    {
      "predicate": {
        "custom_model_data": 1
      },
      "model": "item/fragment_gasterone"
    },
    {
      "predicate": {
        "custom_model_data": 2
      },
      "model": "item/fragment_grillbysone"
    },
    {
      "predicate": {
        "custom_model_data": 3
      },
      "model": "item/fragment_lumaone"
    },
    {
      "predicate": {
        "custom_model_data": 4
      },
      "model": "item/fragment_marsone"
    },
    {
      "predicate": {
        "custom_model_data": 5
      },
      "model": "item/fragment_shockone"
    },
    {
      "predicate": {
        "custom_model_data": 6
      },
      "model": "item/fragment_snowyone"
    },
    {
      "predicate": {
        "custom_model_data": 1
      },
      "model": "item/fragment_creativaone"
    },
    {
      "predicate": {
        "custom_model_data": 2
      },
      "model": "item/fragment_lunaoneone"
    },
    {
      "predicate": {
        "custom_model_data": 3
      },
      "model": "item/fragment_outone"
    },
    {
      "predicate": {
        "custom_model_data": 4
      },
      "model": "item/fragment_blackone"
    },
    {
      "predicate": {
        "custom_model_data": 5
      },
      "model": "item/fragment_whiteone"
    }
  ]
}