{
  "parent": "item/generated",
  "textures": {
    "layer0": "item/music_disc_11"
  },
  "overrides": [
    {
      "predicate": {
        "custom_model_data": 1
      },
      "model": "item/music_disc_cometobservatorytwosupermariogalaxyone"
    },
    {
      "predicate": {
        "custom_model_data": 2
      },
      "model": "item/music_disc_familysupermariogalaxyone"
    },
    {
      "predicate": {
        "custom_model_data": 3
      },
      "model": "item/music_disc_poolroomswebinarone"
    },
    {
      "predicate": {
        "custom_model_data": 4
      },
      "model": "item/music_disc_backroomszeroone"
    },
    {
      "predicate": {
        "custom_model_data": 1
      },
      "model": "item/music_disc_arenapvpone"
    },
    {
      "predicate": {
        "custom_model_data": 2
      },
      "model": "item/music_disc_sewersone"
    },
    {
      "predicate": {
        "custom_model_data": 3
      },
      "model": "item/music_disc_starwalkertwo"
    },
    {
      "predicate": {
        "custom_model_data": 4
      },
      "model": "item/music_disc_starwalkerparkourone"
    },
    {
      "predicate": {
        "custom_model_data": 5
      },
      "model": "item/music_disc_thethreeone"
    },
    {
      "predicate": {
        "custom_model_data": 1
      },
      "model": "item/music_disc_dumpone"
    },
    {
      "predicate": {
        "custom_model_data": 1
      },
      "model": "item/music_disc_youwinone"
    },
    {
      "predicate": {
        "custom_model_data": 2
      },
      "model": "item/music_disc_tradesone"
    },
    {
      "predicate": {
        "custom_model_data": 3
      },
      "model": "item/music_disc_discoone"
    },
    {
      "predicate": {
        "custom_model_data": 4
      },
      "model": "item/music_disc_dindonnone"
    },
    {
      "predicate": {
        "custom_model_data": 5
      },
      "model": "item/music_disc_circoone"
    },
    {
      "predicate": {
        "custom_model_data": 6
      },
      "model": "item/music_disc_adabanaone"
    },
    {
      "predicate": {
        "custom_model_data": 1
      },
      "model": "item/music_disc_gasterone"
    },
    {
      "predicate": {
        "custom_model_data": 2
      },
      "model": "item/music_disc_grillbysone"
    },
    {
      "predicate": {
        "custom_model_data": 3
      },
      "model": "item/music_disc_lumaone"
    },
    {
      "predicate": {
        "custom_model_data": 4
      },
      "model": "item/music_disc_marsone"
    },
    {
      "predicate": {
        "custom_model_data": 5
      },
      "model": "item/music_disc_shockone"
    },
    {
      "predicate": {
        "custom_model_data": 6
      },
      "model": "item/music_disc_snowyone"
    },
    {
      "predicate": {
        "custom_model_data": 1
      },
      "model": "item/music_disc_creativaone"
    },
    {
      "predicate": {
        "custom_model_data": 2
      },
      "model": "item/music_disc_lunaoneone"
    },
    {
      "predicate": {
        "custom_model_data": 3
      },
      "model": "item/music_disc_outone"
    },
    {
      "predicate": {
        "custom_model_data": 4
      },
      "model": "item/music_disc_blackone"
    },
    {
      "predicate": {
        "custom_model_data": 5
      },
      "model": "item/music_disc_whiteone"
    }
  ]
}