{
  "cometobservatorytwosupermariogalaxyone": {
    "sounds": [
      {
        "name": "records/cometobservatorytwosupermariogalaxyone",
        "stream": true
      }
    ]
  },
  "familysupermariogalaxyone": {
    "sounds": [
      {
        "name": "records/familysupermariogalaxyone",
        "stream": true
      }
    ]
  },
  "poolroomswebinarone": {
    "sounds": [
      {
        "name": "records/poolroomswebinarone",
        "stream": true
      }
    ]
  },
  "backroomszeroone": {
    "sounds": [
      {
        "name": "records/backroomszeroone",
        "stream": true
      }
    ]
  },
  "arenapvpone": {
    "sounds": [
      {
        "name": "records/arenapvpone",
        "stream": true
      }
    ]
  },
  "sewersone": {
    "sounds": [
      {
        "name": "records/sewersone",
        "stream": true
      }
    ]
  },
  "starwalkertwo": {
    "sounds": [
      {
        "name": "records/starwalkertwo",
        "stream": true
      }
    ]
  },
  "starwalkerparkourone": {
    "sounds": [
      {
        "name": "records/starwalkerparkourone",
        "stream": true
      }
    ]
  },
  "thethreeone": {
    "sounds": [
      {
        "name": "records/thethreeone",
        "stream": true
      }
    ]
  },
  "dumpone": {
    "sounds": [
      {
        "name": "records/dumpone",
        "stream": true
      }
    ]
  },
  "youwinone": {
    "sounds": [
      {
        "name": "records/youwinone",
        "stream": true
      }
    ]
  },
  "tradesone": {
    "sounds": [
      {
        "name": "records/tradesone",
        "stream": true
      }
    ]
  },
  "discoone": {
    "sounds": [
      {
        "name": "records/discoone",
        "stream": true
      }
    ]
  },
  "dindonnone": {
    "sounds": [
      {
        "name": "records/dindonnone",
        "stream": true
      }
    ]
  },
  "circoone": {
    "sounds": [
      {
        "name": "records/circoone",
        "stream": true
      }
    ]
  },
  "adabanaone": {
    "sounds": [
      {
        "name": "records/adabanaone",
        "stream": true
      }
    ]
  },
  "gasterone": {
    "sounds": [
      {
        "name": "records/gasterone",
        "stream": true
      }
    ]
  },
  "grillbysone": {
    "sounds": [
      {
        "name": "records/grillbysone",
        "stream": true
      }
    ]
  },
  "lumaone": {
    "sounds": [
      {
        "name": "records/lumaone",
        "stream": true
      }
    ]
  },
  "marsone": {
    "sounds": [
      {
        "name": "records/marsone",
        "stream": true
      }
    ]
  },
  "shockone": {
    "sounds": [
      {
        "name": "records/shockone",
        "stream": true
      }
    ]
  },
  "snowyone": {
    "sounds": [
      {
        "name": "records/snowyone",
        "stream": true
      }
    ]
  },
  "creativaone": {
    "sounds": [
      {
        "name": "records/creativaone",
        "stream": true
      }
    ]
  },
  "lunaoneone": {
    "sounds": [
      {
        "name": "records/lunaoneone",
        "stream": true
      }
    ]
  },
  "outone": {
    "sounds": [
      {
        "name": "records/outone",
        "stream": true
      }
    ]
  },
  "blackone": {
    "sounds": [
      {
        "name": "records/blackone",
        "stream": true
      }
    ]
  },
  "whiteone": {
    "sounds": [
      {
        "name": "records/whiteone",
        "stream": true
      }
    ]
  }
}