[
  {
    "title": "Creativa",
    "author": "",
    "duration": 59,
    "disc-namespace": "creativaone",
    "model-data": 1,
    "creeper-drop": false,
    "lores": [],
    "loot-tables": {},
    "fragment-loot-tables": {}
  },
  {
    "title": "Lunaone",
    "author": "",
    "duration": 81,
    "disc-namespace": "lunaoneone",
    "model-data": 2,
    "creeper-drop": false,
    "lores": [],
    "loot-tables": {},
    "fragment-loot-tables": {}
  },
  {
    "title": "OUT",
    "author": "",
    "duration": 11,
    "disc-namespace": "outone",
    "model-data": 3,
    "creeper-drop": false,
    "lores": [],
    "loot-tables": {},
    "fragment-loot-tables": {}
  },
  {
    "title": "black",
    "author": "",
    "duration": 44,
    "disc-namespace": "blackone",
    "model-data": 4,
    "creeper-drop": false,
    "lores": [],
    "loot-tables": {},
    "fragment-loot-tables": {}
  },
  {
    "title": "WHITE",
    "author": "",
    "duration": 26,
    "disc-namespace": "whiteone",
    "model-data": 5,
    "creeper-drop": false,
    "lores": [],
    "loot-tables": {},
    "fragment-loot-tables": {}
  }
]